<?xml version="1.0" encoding="utf-8"?>
<DevInfor>
<SinaWeibo Enable="false" />
<TencentWeibo Enable="false" />
<Douban Enable="false" />
<QZone AppId="100371282" AppKey="aed9b0303e3ed1e27bae87c33761161d" />
<Renren Enable="false" />
<KaiXin Enable="false" />
<Facebook Enable="false" />
<Twitter Enable="false" />
<Evernote Enable="false" />
<FourSquare Enable="false" />
<GooglePlus Enable="false" />
<Instagram Enable="false" />
<LinkedIn Enable="false" />
<Tumblr Enable="false" />
<Email Enable="false" />
<ShortMessage Enable="false" />
<Wechat AppId="wx4868b35061f87885" AppSecret="64020361b8ec4c99936c0e3999a9f249" userName="gh_afb25ac019c9" path="pages/index/index.html?id=1" WithShareTicket="true" MiniprogramType="2" />
<WechatMoments AppId="wx4868b35061f87885" AppSecret="64020361b8ec4c99936c0e3999a9f249" />
<QQ AppId="100371282" AppKey="aed9b0303e3ed1e27bae87c33761161d" />
<Instapaper Enable="false" />
<Pocket Enable="false" />
<YouDao Enable="false" />
<Pinterest Enable="false" />
<Flickr Enable="false" />
<Dropbox Enable="false" />
<VKontakte Enable="false" />
<WechatFavorite AppId="wx4868b35061f87885" AppSecret="64020361b8ec4c99936c0e3999a9f249" />
<Yixin Enable="false" />
<YixinMoments Enable="false" />
<Mingdao Enable="false" />
<Line Enable="false" />
<WhatsApp Enable="false" />
<KakaoTalk Enable="false" />
<KakaoStory Enable="false" />
<FacebookMessenger Enable="false" />
<Alipay Enable="false" />
<AlipayMoments Enable="false" />
<Dingding Enable="false" />
<Youtube Enable="false" />
<Meipai Enable="false" />
<Telegram Enable="false" />
<Cmcc Enable="false" />
<Reddit Enable="false" />
<Telecom Enable="false" />
<Accountkit Enable="false" />
<Douyin Enable="false" />
<Wework Enable="false" />
<HWAccount Enable="false" />
<Oasis Enable="false" />
<XMAccount Enable="false" />
<SnapChat Enable="false" />
</DevInfor>